company,salary_max,salary_is_predicted,title,description,category,location,__CLASS__,created,salary_min,id,redirect_url,contract_time,adref,job_type,longitude,latitude,contract_type
"{'__CLASS__': 'Adzuna::API::Response::Company', 'display_name': 'MiHomecare Limited'}",28329.94,1,Care Assistant,"Job Description What Else You’ll Help With Companionship – conversations, activities, outings Medication Management – collecting prescriptions, reminders, safe administration Nutrition & Mealtimes – cooking nutritious meals, considering dietary needs Housekeeping – light cleaning, laundry, tidying Mobility Assistance – transfers, walking support, use of aids Health Monitoring – observing and reporting changes in condition Social Inclusion – helping maintain community and family connections Emot…","{'__CLASS__': 'Adzuna::API::Response::Category', 'tag': 'healthcare-nursing-jobs', 'label': 'Healthcare & Nursing Jobs'}","{'area': ['UK', 'Eastern England', 'Essex', 'Dagenham'], '__CLASS__': 'Adzuna::API::Response::Location', 'display_name': 'Dagenham, Essex'}",Adzuna::API::Response::Job,2025-10-03T07:34:16Z,28329.94,5428771238,https://www.adzuna.co.uk/jobs/details/5428771238?utm_medium=api&utm_source=2ffe0866,,eyJhbGciOiJIUzI1NiJ9.eyJzIjoiVW9URHVVU244QkdlTXVNMHRhWUhhQSIsImkiOiI1NDI4NzcxMjM4In0.fnT72t4nVXiR7bkFpxOtTvuB1DHwwmEfdI0s-qKaNMM,healthcare,0.1422,51.5397,
"{'__CLASS__': 'Adzuna::API::Response::Company', 'display_name': 'Just Eat'}",61315.12,1,Staff AI Enginner,"Position: Staff AI Software Engineer Department: Platform Engineering Reports to: Head of Platform Engineer Location: All - London, Bristol, Amsterdam, Enschede, Berlin, Tel Aviv, Canada Food is our passion - Tech is our power Our platform takes millions of orders every week from customers and companies in 24 countries. Whether they call us Takeaway.com, Just Eat, or “that food app”, they all rely on us for the dishes they love. But our key ingredient isn’t food. It’s tech. Whether they’re runn…","{'tag': 'it-jobs', '__CLASS__': 'Adzuna::API::Response::Category', 'label': 'IT Jobs'}","{'display_name': 'UK', '__CLASS__': 'Adzuna::API::Response::Location', 'area': ['UK']}",Adzuna::API::Response::Job,2025-09-18T10:56:11Z,61315.12,5404697677,https://www.adzuna.co.uk/jobs/details/5404697677?utm_medium=api&utm_source=2ffe0866,full_time,eyJhbGciOiJIUzI1NiJ9.eyJzIjoiaW1rR29FU244Qkc0dnZQVW5YRW1aQSIsImkiOiI1NDA0Njk3Njc3In0.Fxv0TXuJbVBjVNQSnekmyAhYxa66xwHrco4atp_Q8CU,ai,,,
"{'display_name': 'Jupiter Recruitment', '__CLASS__': 'Adzuna::API::Response::Company'}",46314.0,0,Deputy Nurse Manager,"An exciting new job opportunity has arisen for a committed Deputy Ward Manager to work in an exceptional mental health hospital based in the Dorking, Surrey area. You will be working for one of UK's leading health care providers This mental hospital provides acute mental health service along with a 3-bedded step-down, community focused ward. The service supports males of working age, experiencing an acute mental health episode, providing the necessary levels of care required during crises To be…","{'label': 'Healthcare & Nursing Jobs', '__CLASS__': 'Adzuna::API::Response::Category', 'tag': 'healthcare-nursing-jobs'}","{'__CLASS__': 'Adzuna::API::Response::Location', 'display_name': 'North Holmwood, Dorking', 'area': ['UK', 'South East England', 'Surrey', 'Dorking', 'North Holmwood']}",Adzuna::API::Response::Job,2025-09-30T01:25:10Z,43014.0,5421376207,https://www.adzuna.co.uk/jobs/details/5421376207?utm_medium=api&utm_source=2ffe0866,full_time,eyJhbGciOiJIUzI1NiJ9.eyJzIjoiaXVXUHMwU244Qkc0dnZQVW5YRW1aQSIsImkiOiI1NDIxMzc2MjA3In0.g43n5N7NqN5l3NO0p6VsBvs5sHW6y0jHR-dxeCSs7ek,healthcare,-0.328985,51.225331,permanent
"{'display_name': 'Aldi Stores', '__CLASS__': 'Adzuna::API::Response::Company'}",80000.0,0,Data Solution Architect,"An exciting opportunity has arisen for an experienced Data Solution Architect to become part of the National Data and Analytics (NDA) Platform & Engineering Team. The NDA Platform & Engineering Team is working on providing data to drive the business forward. You'll work in a team that has access to end-to-end business data whilst also working with new technologies and data sources. As part of NDA, you will collaborate with Business Partners, Data Scientists and Report Developers to deliver data…","{'__CLASS__': 'Adzuna::API::Response::Category', 'label': 'IT Jobs', 'tag': 'it-jobs'}","{'__CLASS__': 'Adzuna::API::Response::Location', 'display_name': 'Whittington, Atherstone', 'area': ['UK', 'West Midlands', 'Warwickshire', 'Atherstone', 'Whittington']}",Adzuna::API::Response::Job,2025-09-25T14:11:53Z,80000.0,5414295527,https://www.adzuna.co.uk/jobs/land/ad/5414295527?se=Fpd8hESn8BG4vvPUnXEmZA&utm_medium=api&utm_source=2ffe0866&v=1E642F8570A09B9294B6744EE0C8C4F767A7E908,,eyJhbGciOiJIUzI1NiJ9.eyJpIjoiNTQxNDI5NTUyNyIsInMiOiJGcGQ4aEVTbjhCRzR2dlBVblhFbVpBIn0.3eWS1UgxPmjvINB_WYJeKQP7neocH75bW-_qIbkBOoI,data,-1.558469,52.585772,permanent
"{'__CLASS__': 'Adzuna::API::Response::Company', 'display_name': 'Puro Search'}",19250.0,0,Veterinary Nurse,"Part-Time RVN – Fixed Term Contract (12 Months) Location: Northwest London • Competitive salary – £17,600–£19,250 pro rata (£32,000–£35,000 FTE), depending on experience • Part-time, 12-month fixed term contract – averaging 22 hours per week across 3 days (Tuesday essential) plus 1:4 Saturday mornings • Supportive, close-knit team – work alongside experienced vets, RVNs, and trainee nurses in a friendly and collaborative practice • Excellent facilities & hospital backup – consult room with gard…","{'label': 'Healthcare & Nursing Jobs', 'tag': 'healthcare-nursing-jobs', '__CLASS__': 'Adzuna::API::Response::Category'}","{'display_name': 'London, UK', '__CLASS__': 'Adzuna::API::Response::Location', 'area': ['UK', 'London']}",Adzuna::API::Response::Job,2025-09-11T15:03:25Z,17600.0,5394152719,https://www.adzuna.co.uk/jobs/details/5394152719?utm_medium=api&utm_source=2ffe0866,part_time,eyJhbGciOiJIUzI1NiJ9.eyJzIjoiSEJMdndrU244QkcyZ2FsbUZpemgzZyIsImkiOiI1Mzk0MTUyNzE5In0.nxvrnvQPyPNa-TWGgSgDp-5vWNEeVZ--hl44-urypcI,healthcare,-0.139134,51.503378,contract
"{'display_name': 'Rothschild & Co', '__CLASS__': 'Adzuna::API::Response::Company'}",72059.43,1,WMUK Platform Lead – Data & AI,"About Us Rothschild & Co is a leading global financial services group with seven generations of family control and a history of over 200 years at the centre of the world's financial markets. Our expertise, intellectual capital and global network enable us to provide a distinct perspective that makes a meaningful difference to our clients, communities and planet. We have 4,600 talented specialists on the ground in over 40 countries around the world, enabling us to deliver a unique global perspec…","{'tag': 'it-jobs', 'label': 'IT Jobs', '__CLASS__': 'Adzuna::API::Response::Category'}","{'area': ['UK', 'London'], 'display_name': 'London, UK', '__CLASS__': 'Adzuna::API::Response::Location'}",Adzuna::API::Response::Job,2025-10-05T09:56:37Z,72059.43,5432517286,https://www.adzuna.co.uk/jobs/details/5432517286?utm_medium=api&utm_source=2ffe0866,full_time,eyJhbGciOiJIUzI1NiJ9.eyJzIjoiQkRPX3FFU244QkdlTXVNMHRhWUhhQSIsImkiOiI1NDMyNTE3Mjg2In0.tRlj8MA37Hnu0x4an7DnRQCXI5LY6xnFpnADyMRYq6w,ai,,,
"{'display_name': 'Harnham - Data & Analytics Recruitment', '__CLASS__': 'Adzuna::API::Response::Company'}",150000.0,0,Data Scientist Time-series focus,"Data Scientist (Time Series Focus) London | 4-5 Days per week in Office £150,000  100% Bonus Are you a data scientist with a passion for time-series modelling and financial markets? We're working with a leading London-based hedge fund that's seeking a Data Scientist to join their growing research and investment team. This is a unique opportunity to apply cutting-edge modelling techniques to real-world macroeconomic and market challenges. ?? Why this role? Join a successful and ambitious hedge f…","{'label': 'IT Jobs', 'tag': 'it-jobs', '__CLASS__': 'Adzuna::API::Response::Category'}","{'display_name': 'London, UK', 'area': ['UK', 'London'], '__CLASS__': 'Adzuna::API::Response::Location'}",Adzuna::API::Response::Job,2025-09-26T12:31:24Z,100000.0,5414812392,https://www.adzuna.co.uk/jobs/land/ad/5414812392?se=VA4FiESn8BG2galmFizh3g&utm_medium=api&utm_source=2ffe0866&v=F3D68E516D189834D8E31DBD6F67D05ADF59DDA5,full_time,eyJhbGciOiJIUzI1NiJ9.eyJzIjoiVkE0RmlFU244QkcyZ2FsbUZpemgzZyIsImkiOiI1NDE0ODEyMzkyIn0.XdqkLF6MArd3ejtAf0Uz-Udveoc2kL-4NEJGPvzp4oQ,data,,,permanent
"{'__CLASS__': 'Adzuna::API::Response::Company', 'display_name': 'Hays'}",51375.96,1,Data Specialist,"Your new role My client is a global manufacturing company, and they are looking for a forward thinking Data Specialist to join their ranks. What you'll need to succeed Proven experience as a Technical Data Specialist, with strong proficiency in Power BI, DAX, Python, SQL, and Databricks. Hands-on expertise with low-code/no-code platforms, particularly Power Automate and Power Apps, for building scalable business solutions. Experience working in supply chain environments is highly advantageous. …","{'__CLASS__': 'Adzuna::API::Response::Category', 'tag': 'it-jobs', 'label': 'IT Jobs'}","{'__CLASS__': 'Adzuna::API::Response::Location', 'area': ['UK', 'London', 'South East London'], 'display_name': 'South East London, London'}",Adzuna::API::Response::Job,2025-10-10T19:50:44Z,51375.96,5441559914,https://www.adzuna.co.uk/jobs/land/ad/5441559914?se=mNzbgESn8BG2galmFizh3g&utm_medium=api&utm_source=2ffe0866&v=CB4A272B4A03A9DEDA9E618FDDBE33D37FB4C07B,,eyJhbGciOiJIUzI1NiJ9.eyJpIjoiNTQ0MTU1OTkxNCIsInMiOiJtTnpiZ0VTbjhCRzJnYWxtRml6aDNnIn0.ar7OysLCrgQBYpMWP_2DKUQKe5j69IALg3p4lVv_1cs,data,-0.02806,51.451818,permanent
"{'display_name': 'ECW Search', '__CLASS__': 'Adzuna::API::Response::Company'}",45149.97,1,Vehicle Valuation Data Editor - Automotive Data,"Vehicle Valuation Data Editor - Automotive Data Remote £35,000–£45,000 Basic Salary (DOE) Full Benefits Package The Company This business is one of the UK’s leading providers of vehicle data, powering the automotive ecosystem with cutting-edge vehicle registration, lookup, and valuation services. Trusted by major players across the industry, they specialise in delivering accurate, real-time data to drive smarter decision-making. With continued growth and demand for their data solutions, they ar…","{'label': 'IT Jobs', 'tag': 'it-jobs', '__CLASS__': 'Adzuna::API::Response::Category'}","{'display_name': 'UK', 'area': ['UK'], '__CLASS__': 'Adzuna::API::Response::Location'}",Adzuna::API::Response::Job,2025-09-26T13:09:34Z,45149.97,5414991914,https://www.adzuna.co.uk/jobs/land/ad/5414991914?se=NIP2jESn8BG2galmFizh3g&utm_medium=api&utm_source=2ffe0866&v=47BDCE170EE263A0B57D0BB263D4E4DC23AB2C29,,eyJhbGciOiJIUzI1NiJ9.eyJzIjoiTklQMmpFU244QkcyZ2FsbUZpemgzZyIsImkiOiI1NDE0OTkxOTE0In0.Wa20Imhohc88Fy2odKc-O2oWZ8C8_0K-aChXYmle9qU,data,,,
"{'__CLASS__': 'Adzuna::API::Response::Company', 'display_name': 'Harnham - Data & Analytics Recruitment'}",100000.0,0,Lead Data Scientist,"Lead Data Scientist London - Hybrid £90,000 - £100,000  Benefits About the Role We're working with a fast-growing fintech that is redefining the credit industry through fair, accessible, and innovative digital finance products. They're looking for a Lead Data Scientist to drive their AI adoption strategy, evolve modelling capabilities, and lead a small team of data scientists. This is a chance to shape the company's AI roadmap, leading from the front and ensuring they stay ahead of the market. …","{'__CLASS__': 'Adzuna::API::Response::Category', 'tag': 'it-jobs', 'label': 'IT Jobs'}","{'display_name': 'London, UK', '__CLASS__': 'Adzuna::API::Response::Location', 'area': ['UK', 'London']}",Adzuna::API::Response::Job,2025-09-30T22:00:34Z,90000.0,5422743826,https://www.adzuna.co.uk/jobs/land/ad/5422743826?se=GvLjhkSn8BGeMuM0taYHaA&utm_medium=api&utm_source=2ffe0866&v=9503FBCD11B1B236130CC152D20ED2015F48AEBC,full_time,eyJhbGciOiJIUzI1NiJ9.eyJzIjoiR3ZMamhrU244QkdlTXVNMHRhWUhhQSIsImkiOiI1NDIyNzQzODI2In0.VezYxqG1jnJVVAhifwuXKFE2zFfPb1UOttkjyJ6R9bw,data,,,permanent
"{'display_name': 'Harnham - Data & Analytics Recruitment', '__CLASS__': 'Adzuna::API::Response::Company'}",80000.0,0,Product Data Scientist/Analyst,"Job Title: Product Data Scientist - Hybrid - Up to £80,000 Location: London (Hybrid, 2 days p/w in office) Salary: Up to £80,000  benefits Contract: Permanent The Company A well-established and fast-growing organisation going through an exciting period of digital transformation. With a strong customer focus, they use data and technology to deliver meaningful products and services to a wide audience. The business is scaling its data capabilities and is investing heavily in analytics to drive sma…","{'tag': 'it-jobs', 'label': 'IT Jobs', '__CLASS__': 'Adzuna::API::Response::Category'}","{'display_name': 'London, UK', 'area': ['UK', 'London'], '__CLASS__': 'Adzuna::API::Response::Location'}",Adzuna::API::Response::Job,2025-09-17T02:43:57Z,60000.0,5402508062,https://www.adzuna.co.uk/jobs/details/5402508062?utm_medium=api&utm_source=2ffe0866,full_time,eyJhbGciOiJIUzI1NiJ9.eyJzIjoiVkE0RmlFU244QkcyZ2FsbUZpemgzZyIsImkiOiI1NDAyNTA4MDYyIn0.X9oQsDSqi7dWdj2Ld3Qij_c2hqW_8Awwy_cP_qa__aI,data,,,permanent
"{'display_name': 'Sage', '__CLASS__': 'Adzuna::API::Response::Company'}",88228.54,1,AI Governance Director,"AI Governance Director Job Description: As we continue to leverage data and cutting-edge artificial intelligence for the benefit of customers and colleagues, we are looking for an experienced AI and Data Governance Director to ensure the integrity and compliance of our AI and data-related solutions. The AI and Data Governance Director will play a critical leadership role in ensuring our internal development and use of data and AI comply with relevant regulations, policies and industry standards…","{'tag': 'it-jobs', '__CLASS__': 'Adzuna::API::Response::Category', 'label': 'IT Jobs'}","{'__CLASS__': 'Adzuna::API::Response::Location', 'display_name': 'Newcastle Upon Tyne, Tyne & Wear', 'area': ['UK', 'North East England', 'Tyne & Wear', 'Newcastle Upon Tyne']}",Adzuna::API::Response::Job,2025-10-08T19:34:56Z,88228.54,5437656850,https://www.adzuna.co.uk/jobs/details/5437656850?utm_medium=api&utm_source=2ffe0866,,eyJhbGciOiJIUzI1NiJ9.eyJzIjoieUVUUW5rU244Qkc0dnZQVW5YRW1aQSIsImkiOiI1NDM3NjU2ODUwIn0.HTefOtUSL_5aNnSCECBGQ_2j4bt9Hmz-uXUyRW4WdNc,ai,,,
"{'display_name': 'Ntt Data', '__CLASS__': 'Adzuna::API::Response::Company'}",62704.67,1,Security Development and Test Manager,"The team you';ll be working with: Security Development and Test Manager Hybrid variable Birmingham or London About Us NTT DATA is one of the world’s largest global security services providers with over 7,500 security experts. We partner with leading security technology providers and support organisations in building secure and sustainable digital solutions. Our people are at the heart of everything we do — we work together to drive innovation and deliver exceptional outcomes. What you';ll be do…","{'tag': 'it-jobs', 'label': 'IT Jobs', '__CLASS__': 'Adzuna::API::Response::Category'}","{'display_name': 'Stechford, Birmingham', 'area': ['UK', 'West Midlands', 'Birmingham', 'Stechford'], '__CLASS__': 'Adzuna::API::Response::Location'}",Adzuna::API::Response::Job,2025-08-25T11:22:49Z,62704.67,5367406611,https://www.adzuna.co.uk/jobs/details/5367406611?utm_medium=api&utm_source=2ffe0866,full_time,eyJhbGciOiJIUzI1NiJ9.eyJzIjoiaXR3VmdrU244QkcyZ2FsbUZpemgzZyIsImkiOiI1MzY3NDA2NjExIn0.MYsjGQin5-_Cx_9h12lSXZd-Nm5HlN-zAoZdEDVb7CM,data,-1.796371,52.480481,
"{'display_name': 'Medacs Healthcare', '__CLASS__': 'Adzuna::API::Response::Company'}",41600.0,0,Registered Mental Health Nurse,"Client Name: Midlands Partnership Trust, St.Georges hospital NHS Role : Band 5 Mental Health Nurse (RMN) Rates : Paye £15.18, LTD/Umbrella £20 Shifts : Ad hoc, days monday to friday Location: St.georges hospita l Corporation St, Stafford ST16 3SR Benefits: Access to Care4Carers - our support service to help support your mental health and wellbeing and enable you to deliver outstanding care. First sight of agency nursing shifts Payment once a week Excellent support from your own dedicated consul…","{'__CLASS__': 'Adzuna::API::Response::Category', 'label': 'Healthcare & Nursing Jobs', 'tag': 'healthcare-nursing-jobs'}","{'display_name': 'Stafford, Staffordshire', '__CLASS__': 'Adzuna::API::Response::Location', 'area': ['UK', 'West Midlands', 'Staffordshire', 'Stafford']}",Adzuna::API::Response::Job,2025-09-18T19:07:55Z,31574.0,5404980929,https://www.adzuna.co.uk/jobs/details/5404980929?utm_medium=api&utm_source=2ffe0866,part_time,eyJhbGciOiJIUzI1NiJ9.eyJzIjoiNU9udHVrU244QkcyZ2FsbUZpemgzZyIsImkiOiI1NDA0OTgwOTI5In0.ezAl27jJwTmLOYEy0PzbeNeLuJnDq-7jdxCMDqjju34,healthcare,-2.11635,52.805099,
"{'display_name': 'NTT Data', '__CLASS__': 'Adzuna::API::Response::Company'}",79497.56,1,Security Architect,"As a Security Consultant (Architecture) at NTT DATA, you will collaborate with clients and stakeholders to design, implement, and validate secure architectural solutions across infrastructure, cloud, and application environments. Leveraging your expertise in risk assessment and governance frameworks such as ISO 27001, NIST, or CIS, you will deliver cutting-edge strategies that address evolving threat landscapes while ensuring alignment with business objectives. This role provides a unique oppor…","{'__CLASS__': 'Adzuna::API::Response::Category', 'label': 'IT Jobs', 'tag': 'it-jobs'}","{'area': ['UK', 'London'], '__CLASS__': 'Adzuna::API::Response::Location', 'display_name': 'London, UK'}",Adzuna::API::Response::Job,2025-10-03T15:43:36Z,79497.56,5429574667,https://www.adzuna.co.uk/jobs/details/5429574667?utm_medium=api&utm_source=2ffe0866,full_time,eyJhbGciOiJIUzI1NiJ9.eyJzIjoiMk02TmZrU244QkcyZ2FsbUZpemgzZyIsImkiOiI1NDI5NTc0NjY3In0.1Y8E1t3KxHeECH-9b-fxlr5G0DjtOfX2zc8aP5iZjz4,data,,,
"{'__CLASS__': 'Adzuna::API::Response::Company', 'display_name': 'GEL Resourcing'}",38000.0,0,Occupational Health Nurse,"Our Client based in Cardiff is looking for a Occupational Health Nurse to work on a Permanent basis with in their friendly and supportive team. This will be a full time position based at client sites in Cardiff, you will drive a Mobile Medical unit to sites. The Job Role Includes: - Health Surveillance - Health Screening - Health Promotion - Immunisations This is an excellent opportunity to become part of a friendly and pro-active OH team. Experience / skills required; NMC Registered Nurse Heal…","{'tag': 'healthcare-nursing-jobs', 'label': 'Healthcare & Nursing Jobs', '__CLASS__': 'Adzuna::API::Response::Category'}","{'display_name': 'Cardiff, Cardiff County', '__CLASS__': 'Adzuna::API::Response::Location', 'area': ['UK', 'Wales', 'Cardiff County', 'Cardiff']}",Adzuna::API::Response::Job,2025-10-03T01:30:15Z,36000.0,5428253261,https://www.adzuna.co.uk/jobs/details/5428253261?utm_medium=api&utm_source=2ffe0866,full_time,eyJhbGciOiJIUzI1NiJ9.eyJzIjoiNU9udHVrU244QkcyZ2FsbUZpemgzZyIsImkiOiI1NDI4MjUzMjYxIn0.VB2czSGTYsPTp3IW9-2Go-OlJ_FVOo-5Mf2nqV4ERC8,healthcare,-3.1805,51.4813,permanent
"{'__CLASS__': 'Adzuna::API::Response::Company', 'display_name': 'Newto Training'}",38147.35,1,Junior AI Developer,"Are you ready to start a new career in AI Engineering? AI is expected to generate 170 million jobs by 2030 and at present experienced professionals can earn salaries of upwards of £66,000. In today’s digital world, AI is transforming every aspect of our lives and is at the heart of modern technological advancements. As skills shortages continue to grow, the demand for qualified entry-level professionals is on the rise. Your journey to a new career in Artificial Intelligence is just 130 hours an…","{'tag': 'it-jobs', 'label': 'IT Jobs', '__CLASS__': 'Adzuna::API::Response::Category'}","{'display_name': 'Newcastle Upon Tyne, Tyne & Wear', 'area': ['UK', 'North East England', 'Tyne & Wear', 'Newcastle Upon Tyne'], '__CLASS__': 'Adzuna::API::Response::Location'}",Adzuna::API::Response::Job,2025-09-29T14:47:13Z,38147.35,5420737055,https://www.adzuna.co.uk/jobs/land/ad/5420737055?se=8gZknESn8BG2galmFizh3g&utm_medium=api&utm_source=2ffe0866&v=8C14E27B8194132B5DD7295445570FC3392084CE,full_time,eyJhbGciOiJIUzI1NiJ9.eyJzIjoiOGdaa25FU244QkcyZ2FsbUZpemgzZyIsImkiOiI1NDIwNzM3MDU1In0.vhI6CuR7gfg_PSeB1tb5mz0GpaE5N6mQ3tY-WeCMr1o,ai,,,permanent
"{'display_name': 'Oliver Bernard', '__CLASS__': 'Adzuna::API::Response::Company'}",100000.0,0,AI Software Engineer,"Applied AI Software Engineer - Python, Fast API, AWS, LLMs OB are partnered with a high-growth, B2B SaaS start-up who are looking to hire a highly skilled Applied AI Engineer to their Product Engineering team, where you'll pioneer the development of complex applications leveraging GenAI models. This role won't be a role focused on building and training models from scratch, instead you'll leverage the latest tools in AI to build software that helps solve business problems, adds value to the prod…","{'tag': 'it-jobs', '__CLASS__': 'Adzuna::API::Response::Category', 'label': 'IT Jobs'}","{'area': ['UK', 'London', 'Central London', 'The City'], '__CLASS__': 'Adzuna::API::Response::Location', 'display_name': 'The City, Central London'}",Adzuna::API::Response::Job,2025-10-02T18:37:07Z,100000.0,5427276739,https://www.adzuna.co.uk/jobs/details/5427276739?utm_medium=api&utm_source=2ffe0866,,eyJhbGciOiJIUzI1NiJ9.eyJzIjoieUVUUW5rU244Qkc0dnZQVW5YRW1aQSIsImkiOiI1NDI3Mjc2NzM5In0.F5xKMqU71LNq6U2F8O7tiTiQUDr0Hkc9sDcKRaJjoCA,ai,,,
"{'display_name': 'Jupiter Recruitment', '__CLASS__': 'Adzuna::API::Response::Company'}",35000.0,0,Haemodialysis Nurse,"An incredible new job opportunity has arisen for a committed Staff Nurse to work in an exceptional dialysis clinic based in the Mold, North Wales area. You will be working for one of UK's leading healthcare providers This dialysis clinic delivers the highest level of care in state-of-the-art clinics with the most technologically advanced equipment To be considered for this position you must be qualified as a Registered Nurse with a current active NMC Pin As a Nurse your key duties include: Deli…","{'__CLASS__': 'Adzuna::API::Response::Category', 'label': 'Healthcare & Nursing Jobs', 'tag': 'healthcare-nursing-jobs'}","{'display_name': 'Mynydd Isa, Mold', 'area': ['UK', 'Wales', 'Flintshire', 'Mold', 'Mynydd Isa'], '__CLASS__': 'Adzuna::API::Response::Location'}",Adzuna::API::Response::Job,2025-10-11T04:03:53Z,30000.0,5442224905,https://www.adzuna.co.uk/jobs/details/5442224905?utm_medium=api&utm_source=2ffe0866,full_time,eyJhbGciOiJIUzI1NiJ9.eyJpIjoiNTQ0MjIyNDkwNSIsInMiOiJlR2RBd0VTbjhCRzJnYWxtRml6aDNnIn0.RfiEdEVWoKp4VPdJeXtVaJt-EGsLWGfNCojeppMCZ2g,healthcare,-3.131467,53.156403,permanent
"{'display_name': 'Data Idols', '__CLASS__': 'Adzuna::API::Response::Company'}",75000.0,0,Data Strategy Manager,"Data Strategy Manager Salary: £70,000 - £75,000 Location: Bedford - 2 days per month We are currently looking for a Data Strategy Manager to join our client's fast-paced and collaborative tech team. Reporting directly into the CTO, this role is central to ensuring their data is accurate, secure, and used to its full potential. As the Data Lead, you will shape and evolve their data infrastructure, generate actionable insights, and partner across the business to drive smarter decisions. This role…","{'__CLASS__': 'Adzuna::API::Response::Category', 'tag': 'it-jobs', 'label': 'IT Jobs'}","{'__CLASS__': 'Adzuna::API::Response::Location', 'display_name': 'Fleet Street, Central London', 'area': ['UK', 'London', 'Central London', 'Fleet Street']}",Adzuna::API::Response::Job,2025-09-19T19:09:08Z,70000.0,5407108867,https://www.adzuna.co.uk/jobs/details/5407108867?utm_medium=api&utm_source=2ffe0866,full_time,eyJhbGciOiJIUzI1NiJ9.eyJzIjoiRGx2VWYwU244QkdlTXVNMHRhWUhhQSIsImkiOiI1NDA3MTA4ODY3In0.Ou-VoIaPfa9KU0no50GVigDhyRAZRAkXPQsNoxsQMO8,data,-0.10852,51.51807,permanent
"{'display_name': 'Tesco', '__CLASS__': 'Adzuna::API::Response::Company'}",48644.94,1,Head of Data and AI Services,"General information Job Title Head of Data and AI Services Ref  9353 Location Edinburgh - 2 South Gyle Crescent, Edinburgh, EH12 9FQ, United Kingdom Department IMS - Technology Leadership Business Area Technology Working time Full-Time Date Published 25-09-2025 Serving our customers, communities, and planet a little better every day. Salary – c.£130K  (DOE) Annual Bonus & Benefits Work Level – 3 - Permanent role Location – Edinburgh, Glasgow, Newcastle, London or Reigate Office Attendance - Our…","{'__CLASS__': 'Adzuna::API::Response::Category', 'label': 'IT Jobs', 'tag': 'it-jobs'}","{'display_name': 'Riccarton, Currie', '__CLASS__': 'Adzuna::API::Response::Location', 'area': ['UK', 'Scotland', 'Edinburgh', 'Currie', 'Riccarton']}",Adzuna::API::Response::Job,2025-10-04T09:48:54Z,48644.94,5431032409,https://www.adzuna.co.uk/jobs/land/ad/5431032409?se=xLuGokSn8BGeMuM0taYHaA&utm_medium=api&utm_source=2ffe0866&v=C12881E3322F2D7F17E6B3F98D057FDD0C760727,full_time,eyJhbGciOiJIUzI1NiJ9.eyJzIjoieEx1R29rU244QkdlTXVNMHRhWUhhQSIsImkiOiI1NDMxMDMyNDA5In0.xCyF03NrhsDvkkmNNcqBhV-b0XW1y0aoQUQZZ8c0uWI,ai,-3.296196,55.931593,contract
"{'display_name': 'itecopeople', '__CLASS__': 'Adzuna::API::Response::Company'}",100000.0,0,Head of AI Automation & Application Strategy,"AI, Automation and Application Strategy Programme Director 18-Month Fixed Term Contract | Full-Time | London Are you ready to shape the digital future of a leading organisation? We are seeking a Programme Director for AI, Automation and Application Strategy to join the senior IT leadership team. This is a pivotal role driving the strategic development and operational delivery of AI-driven automation, enterprise applications, and digital transformation at scale. This is an exceptional opportunit…","{'__CLASS__': 'Adzuna::API::Response::Category', 'label': 'IT Jobs', 'tag': 'it-jobs'}","{'area': ['UK', 'London'], '__CLASS__': 'Adzuna::API::Response::Location', 'display_name': 'London, UK'}",Adzuna::API::Response::Job,2025-09-10T23:43:31Z,100000.0,5393434718,https://www.adzuna.co.uk/jobs/details/5393434718?utm_medium=api&utm_source=2ffe0866,full_time,eyJhbGciOiJIUzI1NiJ9.eyJpIjoiNTM5MzQzNDcxOCIsInMiOiJCRE9fcUVTbjhCR2VNdU0wdGFZSGFBIn0.ZtloFpCwHwMafWtcu3WKcMJ3VB8su8-gH0bWnkwjVi0,ai,,,contract
"{'display_name': 'Kantar', '__CLASS__': 'Adzuna::API::Response::Company'}",62150.81,1,"Product Director, AI/ML","We’re the world’s leading data, insights, and consulting company; we shape the brands of tomorrow by better understanding people everywhere. Our Functions teams are right at the centre of our business, making sure we can always get better, every day. Supporting the business with things like Marketing, Human Resources, Finance, Legal and Technology, our Functions colleagues are skilled professionals whose role it is to ensure we continue to become an indispensable partner to brands everywhere. J…","{'label': 'IT Jobs', 'tag': 'it-jobs', '__CLASS__': 'Adzuna::API::Response::Category'}","{'display_name': 'London, UK', '__CLASS__': 'Adzuna::API::Response::Location', 'area': ['UK', 'London']}",Adzuna::API::Response::Job,2025-10-03T09:46:59Z,62150.81,5428962109,https://www.adzuna.co.uk/jobs/details/5428962109?utm_medium=api&utm_source=2ffe0866,full_time,eyJhbGciOiJIUzI1NiJ9.eyJzIjoiUWtfSm8wU244QkcyZ2FsbUZpemgzZyIsImkiOiI1NDI4OTYyMTA5In0.enYECyuVKhtuj5c3wZ4ciZgRnhxi8Mv84qnl6lpYs-o,ai,,,
"{'display_name': 'Newto Training', '__CLASS__': 'Adzuna::API::Response::Company'}",39472.39,1,Trainee AI Engineer,"Are you ready to start a new career in AI Engineering? AI is expected to generate 170 million jobs by 2030 and at present experienced professionals can earn salaries of upwards of £66,000. In today’s digital world, AI is transforming every aspect of our lives and is at the heart of modern technological advancements. As skills shortages continue to grow, the demand for qualified entry-level professionals is on the rise. Your journey to a new career in Artificial Intelligence is just 130 hours an…","{'label': 'IT Jobs', '__CLASS__': 'Adzuna::API::Response::Category', 'tag': 'it-jobs'}","{'area': ['UK'], 'display_name': 'UK', '__CLASS__': 'Adzuna::API::Response::Location'}",Adzuna::API::Response::Job,2025-09-22T06:27:32Z,39472.39,5410403532,https://www.adzuna.co.uk/jobs/details/5410403532?utm_medium=api&utm_source=2ffe0866,full_time,eyJhbGciOiJIUzI1NiJ9.eyJpIjoiNTQxMDQwMzUzMiIsInMiOiJ5RVRRbmtTbjhCRzR2dlBVblhFbVpBIn0.99XqX3rV4TDOrnY1hWt8iLk5uv1VTt6owe9bPLgQx9w,ai,,,permanent
"{'__CLASS__': 'Adzuna::API::Response::Company', 'display_name': 'Sterling Cross'}",40000.0,0,Service Manager (Supported Living),"A leading social support charity is seeking a highly experienced care professional to join them as the Service Manager for their specialist supported living service near Slough. The charity provides housing, wellbeing and integrated services across London and the South East of England for people who need additional, often complex social support to live independently. This Slough service offers highly individualised, specialist care for combined learning disability, mental health and physical he…","{'label': 'Healthcare & Nursing Jobs', 'tag': 'healthcare-nursing-jobs', '__CLASS__': 'Adzuna::API::Response::Category'}","{'__CLASS__': 'Adzuna::API::Response::Location', 'area': ['UK', 'South East England', 'Berkshire', 'Slough', 'Langley'], 'display_name': 'Langley, Slough'}",Adzuna::API::Response::Job,2025-10-02T19:51:28Z,40000.0,5427427274,https://www.adzuna.co.uk/jobs/details/5427427274?utm_medium=api&utm_source=2ffe0866,full_time,eyJhbGciOiJIUzI1NiJ9.eyJpIjoiNTQyNzQyNzI3NCIsInMiOiJIQkx2d2tTbjhCRzJnYWxtRml6aDNnIn0.3A8fhwxT-ntYqIWJUY2Nt_HXw5Maiy0T3LQzngY5v-I,healthcare,-0.54617,51.493882,permanent
"{'display_name': 'Aston University', '__CLASS__': 'Adzuna::API::Response::Company'}",41320.39,1,AI Software Developer - KTP Associate,"School of Computer Sci. & Digital Tech. Location: Hybrid working. Minimum 3 days in the office at BioCare Ltd, 1 Hedera Road, Ravensbank Business Park, Redditch, B98 9EY, and 2 days working from home Salary: £41,000 per annum Contract Type: Fixed Term (36 months) Basis: Full Time Closing Date: 23.59 hours BST on Sunday 19 October 2025 Interview Date: Monday 10 November 2025 Reference: 0826-25 Release Date: Tuesday 23 September 2025 Salary: £40,000 - £41,000 depending on experience per annum wit…","{'tag': 'it-jobs', 'label': 'IT Jobs', '__CLASS__': 'Adzuna::API::Response::Category'}","{'area': ['UK', 'West Midlands', 'Worcestershire', 'Redditch'], '__CLASS__': 'Adzuna::API::Response::Location', 'display_name': 'Redditch, Worcestershire'}",Adzuna::API::Response::Job,2025-09-23T06:10:53Z,41320.39,5411788387,https://www.adzuna.co.uk/jobs/land/ad/5411788387?se=ShSUmESn8BG4vvPUnXEmZA&utm_medium=api&utm_source=2ffe0866&v=7D0784E2B6357821DCAE4AA3D08156C0C4944593,full_time,eyJhbGciOiJIUzI1NiJ9.eyJzIjoiU2hTVW1FU244Qkc0dnZQVW5YRW1aQSIsImkiOiI1NDExNzg4Mzg3In0.LLOa3XM7wOVS7fVpmfSFT77vh74Sy58mW_aI7rFfg9E,ai,-1.94404,52.306599,contract
"{'display_name': 'Harnham', '__CLASS__': 'Adzuna::API::Response::Company'}",56892.64,1,Lead Data Scientist,"Lead Data Scientist London - 3 days a week Up to £125,000 About the Company We’re working with a next-generation private markets firm that is redefining value creation by combining deep industry expertise with advanced AI and data science. This is a unique opportunity to join a company that partners directly with portfolio companies to drive measurable operational and financial performance—powered by data. They’re now hiring a Lead Data Scientist to lead high-impact analytics and machine learni…","{'__CLASS__': 'Adzuna::API::Response::Category', 'label': 'IT Jobs', 'tag': 'it-jobs'}","{'__CLASS__': 'Adzuna::API::Response::Location', 'area': ['UK', 'London'], 'display_name': 'London, UK'}",Adzuna::API::Response::Job,2025-10-08T20:55:10Z,56892.64,5437781139,https://www.adzuna.co.uk/jobs/land/ad/5437781139?se=TOlEjkSn8BG2galmFizh3g&utm_medium=api&utm_source=2ffe0866&v=7606626E3C719434E512960DD9A0DBED6BD15282,,eyJhbGciOiJIUzI1NiJ9.eyJzIjoiVE9sRWprU244QkcyZ2FsbUZpemgzZyIsImkiOiI1NDM3NzgxMTM5In0.PZmcb4XpJpTjMj5rbPCBLe5od-7p6mL0b6Ji7X020VQ,data,,,
"{'__CLASS__': 'Adzuna::API::Response::Company', 'display_name': 'NTT Data'}",62750.56,1,Gen AI Developer,"We are seeking highly skilled and experienced Gen AI specialist to join our dynamic Gen AI COE inside NTT DATA UK&I. The ideal candidate will have a strong background in designing and implementing AI solutions ideally using AWS technology. This role requires a deep understanding of generative AI techniques. The selected candidate would eventually take on a wider range of responsibilities, within our COE, for example to work on novel projects. The GraphRAG solution is however a good place to sta…","{'tag': 'it-jobs', 'label': 'IT Jobs', '__CLASS__': 'Adzuna::API::Response::Category'}","{'area': ['UK', 'London'], '__CLASS__': 'Adzuna::API::Response::Location', 'display_name': 'London, UK'}",Adzuna::API::Response::Job,2025-10-03T15:43:52Z,62750.56,5429575109,https://www.adzuna.co.uk/jobs/details/5429575109?utm_medium=api&utm_source=2ffe0866,full_time,eyJhbGciOiJIUzI1NiJ9.eyJzIjoiMk02TmZrU244QkcyZ2FsbUZpemgzZyIsImkiOiI1NDI5NTc1MTA5In0._GyMv570CZ_tj1lNN4fgM2xo67Y6y2RPQ_7X_X80hRg,data,,,
"{'display_name': 'Jupiter Recruitment', '__CLASS__': 'Adzuna::API::Response::Company'}",50702.0,0,Registered Mental Health Nurse,"An exciting new job opportunity has arisen for a skilled Registered Nurse to work in an exceptional care home based in the Pembrokeshire, Wales area. You will be working for one of UK's leading health care providers This is an amazing care home which offers a versatile residential service that includes both care and nursing packages, welcoming both younger adults and older people  To be considered for this position you must be qualified as an Registered Nurse with a current active NMC Pin As a …","{'__CLASS__': 'Adzuna::API::Response::Category', 'tag': 'healthcare-nursing-jobs', 'label': 'Healthcare & Nursing Jobs'}","{'display_name': 'Llanreath, Pembroke Dock', 'area': ['UK', 'Wales', 'Pembrokeshire', 'Pembroke Dock', 'Llanreath'], '__CLASS__': 'Adzuna::API::Response::Location'}",Adzuna::API::Response::Job,2025-09-27T01:17:18Z,0.0,5416674767,https://www.adzuna.co.uk/jobs/details/5416674767?utm_medium=api&utm_source=2ffe0866,full_time,eyJhbGciOiJIUzI1NiJ9.eyJzIjoiNU9udHVrU244QkcyZ2FsbUZpemgzZyIsImkiOiI1NDE2Njc0NzY3In0.EvQjaE1XUyu9tjQ4V41hAS9-068oQFf8LBLIrnJ_7bU,healthcare,-4.954935,51.692983,permanent
"{'display_name': 'Nomad Foods Europe / Birds Eye', '__CLASS__': 'Adzuna::API::Response::Company'}",45011.36,1,Data Governance & Master Data Analyst,"It is an exciting time to join Nomad Foods. Due to the high growth of the business, Nomad Foods has a desire to become more data driven. Reporting into the Data & Analytics Director, you will be working in a team that is setting up a new Data Governance service across Nomad Foods as we work on ensuring our data is secure, accurate, timely and consistent. Stakeholder management is key with this role as it is vital to ensure that across Nomad Foods the data is being managed to a high level in as …","{'__CLASS__': 'Adzuna::API::Response::Category', 'label': 'IT Jobs', 'tag': 'it-jobs'}","{'display_name': 'Horsell, Woking', '__CLASS__': 'Adzuna::API::Response::Location', 'area': ['UK', 'South East England', 'Surrey', 'Woking', 'Horsell']}",Adzuna::API::Response::Job,2025-10-11T17:58:35Z,45011.36,5443215761,https://www.adzuna.co.uk/jobs/details/5443215761?utm_medium=api&utm_source=2ffe0866,full_time,eyJhbGciOiJIUzI1NiJ9.eyJzIjoiTUlKamswU244QkcyZ2FsbUZpemgzZyIsImkiOiI1NDQzMjE1NzYxIn0.iA44wIDgvCRUyb0e0J6iinZTzU-r44X0QOZpaOWNnAI,data,-0.56208,51.318091,
"{'display_name': 'Pertemps', '__CLASS__': 'Adzuna::API::Response::Company'}",83200.0,0,Advanced Practitioner Occupational Therapist - South East England,"Advanced Practitioner Occupational Therapist Location: SE England (based in Aylesbury – 2 days on site, remainder remote/hybrid) Rate: £38–£40 per hour Contract: Ongoing assignment Caseload: Adults with long-term conditions About the Role Pertemps are recruiting for an Advanced Practitioner – Occupational Therapy to join a friendly, innovative, and supportive community OT team in Buckinghamshire . This is an excellent opportunity for an experienced OT with previous local authority community exp…","{'__CLASS__': 'Adzuna::API::Response::Category', 'label': 'Healthcare & Nursing Jobs', 'tag': 'healthcare-nursing-jobs'}","{'area': ['UK', 'South East England', 'Buckinghamshire'], '__CLASS__': 'Adzuna::API::Response::Location', 'display_name': 'Buckinghamshire, South East England'}",Adzuna::API::Response::Job,2025-10-08T10:44:29Z,79040.0,5437020799,https://www.adzuna.co.uk/jobs/details/5437020799?utm_medium=api&utm_source=2ffe0866,full_time,eyJhbGciOiJIUzI1NiJ9.eyJzIjoic3A3OXZrU244Qkc0dnZQVW5YRW1aQSIsImkiOiI1NDM3MDIwNzk5In0.JJ1eoiTTYU4VhniC1-vac-N995JMdDefa3z9JfRDcdc,healthcare,-0.793508,51.882057,
"{'display_name': 'iGo Recruitment', '__CLASS__': 'Adzuna::API::Response::Company'}",170000.0,0,Consultant Psychiatrist - Eating Disorder Unit (EDU),"Consultant Psychiatrist – Eating Disorder Unit (EDU) Location: Greater Manchester Salary: £170,000 per annum Employment Type: Full-time, 37.5 hours per week Sector: Medical & Psychiatry About the Role iGo Recruitment is working on behalf of a leading independent mental healthcare provider to recruit a Consultant Psychiatrist for a specialist Eating Disorder Unit (EDU) in Greater Manchester. This full-time role involves clinical leadership of an 18-bed mixed-gender ward supporting adults with co…","{'label': 'Healthcare & Nursing Jobs', 'tag': 'healthcare-nursing-jobs', '__CLASS__': 'Adzuna::API::Response::Category'}","{'__CLASS__': 'Adzuna::API::Response::Location', 'area': ['UK', 'North West England', 'Greater Manchester', 'Stockport'], 'display_name': 'Stockport, Greater Manchester'}",Adzuna::API::Response::Job,2025-09-08T13:19:57Z,170000.0,5389285017,https://www.adzuna.co.uk/jobs/details/5389285017?utm_medium=api&utm_source=2ffe0866,full_time,eyJhbGciOiJIUzI1NiJ9.eyJzIjoiQnBSRHNrU244QkcyZ2FsbUZpemgzZyIsImkiOiI1Mzg5Mjg1MDE3In0.LbSe8EWLL7AtejzxyiCM1WR8t3SolytZd4Jz5ibVoII,healthcare,-2.14929,53.408501,permanent
"{'display_name': 'Woole & Scarra', '__CLASS__': 'Adzuna::API::Response::Company'}",30000.0,0,(URGENT) Qualified Dental Nurse (Harlow),Woole and Scarra are looking for a ‘Qualified Dental Nurse for our dental practice in (Harlow). Qualified Dental Nurse Location - Harlow Up to £15.00 Per Hour An exciting opportunity has arisen for a 'Qualified/Trainee Dental Nurse' to join our modern practice in Harlow. Job Responsibilities: Acting as a surgery assistant during all dental procedures Managing surgery supplies/stock Performing all clinical procedures Assisting in obtaining diagnostic records Coordinating the maintenance and gene…,"{'__CLASS__': 'Adzuna::API::Response::Category', 'label': 'Healthcare & Nursing Jobs', 'tag': 'healthcare-nursing-jobs'}","{'area': ['UK', 'Eastern England', 'Essex', 'Harlow'], 'display_name': 'Harlow, Essex', '__CLASS__': 'Adzuna::API::Response::Location'}",Adzuna::API::Response::Job,2025-10-08T22:47:32Z,30000.0,5437840523,https://www.adzuna.co.uk/jobs/details/5437840523?utm_medium=api&utm_source=2ffe0866,full_time,eyJhbGciOiJIUzI1NiJ9.eyJpIjoiNTQzNzg0MDUyMyIsInMiOiJVb1REdVVTbjhCR2VNdU0wdGFZSGFBIn0.Q-tL-_7ZObkNTFuK3kHD1AZzTJeN2PATrIb35e5tGIg,healthcare,0.111317,51.776501,permanent
"{'__CLASS__': 'Adzuna::API::Response::Company', 'display_name': 'Nicholson Glover'}",58532.58,1,AI Engineer | Tech Start-Up,"AI Engineer | AI Tech Start-Up | £60,000-£85,000 DOE  Share Options | London/Hybrid We are excited to be working with a rapidly growing AI tech scale-up that’s expanding its team with a talented AI Engineer. The Company This pioneering company offers an advanced enterprise platform that delivers predictive analytics and AI-powered decision-making. Their digital AI agents provide always-on, intelligent insights, empowering top-tier clients across sectors including asset management, banking, reta…","{'tag': 'it-jobs', 'label': 'IT Jobs', '__CLASS__': 'Adzuna::API::Response::Category'}","{'area': ['UK', 'London', 'Central London', 'The City'], 'display_name': 'The City, Central London', '__CLASS__': 'Adzuna::API::Response::Location'}",Adzuna::API::Response::Job,2025-09-26T13:09:52Z,58532.58,5414992173,https://www.adzuna.co.uk/jobs/land/ad/5414992173?se=Cpkzm0Sn8BG4vvPUnXEmZA&utm_medium=api&utm_source=2ffe0866&v=000435186BD41943A9D9ACEE1B3840748689C769,,eyJhbGciOiJIUzI1NiJ9.eyJzIjoiQ3Brem0wU244Qkc0dnZQVW5YRW1aQSIsImkiOiI1NDE0OTkyMTczIn0.zlPIjQfuBtgtae0BL0V3EFsdAbC_P-bcvMr3xWxZJ84,ai,,,
"{'__CLASS__': 'Adzuna::API::Response::Company', 'display_name': 'RSM UK'}",54062.75,1,Audit Data Analytics Manager - AI and Automation,"As one of the world's largest networks of audit, tax and consulting firms, RSM delivers big ideas and premium service to help middle-market businesses thrive. We are a fast-growing firm with big ambitions  we have a clear goal to become the premium adviser to the middle market, globally. This vision touches everything we do, motivating and inspiring us to become better every day. If you are looking for a firm where you can build a future and make an impact, then RSM is the place for you. Make a…","{'__CLASS__': 'Adzuna::API::Response::Category', 'tag': 'it-jobs', 'label': 'IT Jobs'}","{'__CLASS__': 'Adzuna::API::Response::Location', 'display_name': 'UK', 'area': ['UK']}",Adzuna::API::Response::Job,2025-09-27T01:18:17Z,54062.75,5416675437,https://www.adzuna.co.uk/jobs/details/5416675437?utm_medium=api&utm_source=2ffe0866,,eyJhbGciOiJIUzI1NiJ9.eyJzIjoidkROMnJFU244QkdlTXVNMHRhWUhhQSIsImkiOiI1NDE2Njc1NDM3In0.nNAFcQJf8qiWVF7H8Ulx5gCPIdwqM8QgGmMMtfITSa8,ai,,,
"{'__CLASS__': 'Adzuna::API::Response::Company', 'display_name': 'Assured Data Protection'}",41139.94,1,QA Engineer,"Location : Hybrid – Remote / Harewood, Leeds Position Title : QA Engineer Job Type : Full-Time About Us Assured Data Protection is a global leader in data backup and disaster recovery managed services, specializing in safeguarding against data loss and downtime in the event of a disaster, cyber, or ransomware attack. Our fully managed services include immutable backup, disaster recovery, and cyber resiliency to protect data on-premises and in the cloud, with 24/7/365 expert support. We offer a …","{'__CLASS__': 'Adzuna::API::Response::Category', 'tag': 'it-jobs', 'label': 'IT Jobs'}","{'display_name': 'Leeds, West Yorkshire', '__CLASS__': 'Adzuna::API::Response::Location', 'area': ['UK', 'Yorkshire And The Humber', 'West Yorkshire', 'Leeds']}",Adzuna::API::Response::Job,2025-09-13T19:05:48Z,41139.94,5397777891,https://www.adzuna.co.uk/jobs/details/5397777891?utm_medium=api&utm_source=2ffe0866,full_time,eyJhbGciOiJIUzI1NiJ9.eyJzIjoiT0RDZGhVU244QkdlTXVNMHRhWUhhQSIsImkiOiI1Mzk3Nzc3ODkxIn0.8aW_1yaG95iOb57PeLcsPA4Do1jBHZP1sDdl1UWnGgk,data,-1.54912,53.799599,
"{'display_name': 'Nothing', '__CLASS__': 'Adzuna::API::Response::Company'}",45356.69,1,"Full Stack developer, Software Product (AI)","The Role: As a Full Stack Developer at Nothing, you’ll be at the intersection of AI, web innovation, and product experimentation. You’ll help us build forward-thinking user experiences, from next-gen web platforms to AI-driven interfaces. You’ll join a cross-functional crew under AI & Services, one of Nothing’s most forward-looking divisions. It’s where we explore and ship what’s next – not just how to make existing things better, but how to invent what’s missing. We move fast, prototype relent…","{'__CLASS__': 'Adzuna::API::Response::Category', 'tag': 'it-jobs', 'label': 'IT Jobs'}","{'display_name': 'The City, Central London', 'area': ['UK', 'London', 'Central London', 'The City'], '__CLASS__': 'Adzuna::API::Response::Location'}",Adzuna::API::Response::Job,2025-08-30T06:45:43Z,45356.69,5374855749,https://www.adzuna.co.uk/jobs/land/ad/5374855749?se=8gZknESn8BG2galmFizh3g&utm_medium=api&utm_source=2ffe0866&v=A1F635DF511CDEA9A5415647D2FFB69D919BA3DC,,eyJhbGciOiJIUzI1NiJ9.eyJzIjoiOGdaa25FU244QkcyZ2FsbUZpemgzZyIsImkiOiI1Mzc0ODU1NzQ5In0.RbR4HtUV0z8TW2oA63n7KoZEwJVDS5fLCoV25m1NX9s,ai,,,
"{'display_name': 'NTT', '__CLASS__': 'Adzuna::API::Response::Company'}",92462.72,1,Platform Engineer - AI,"Continue to make an impact with a company that is pushing the boundaries of what is possible. At NTT DATA, we are renowned for our technical excellence, leading innovations, and making a difference for our clients and society. Our workplace embraces diversity and inclusion – it’s a place where you can continue to grow, belong, and thrive. Your career here is about believing in yourself and seizing new opportunities and challenges. It’s about expanding your skills and expertise in your current r…","{'__CLASS__': 'Adzuna::API::Response::Category', 'tag': 'it-jobs', 'label': 'IT Jobs'}","{'area': ['UK'], '__CLASS__': 'Adzuna::API::Response::Location', 'display_name': 'UK'}",Adzuna::API::Response::Job,2025-09-16T10:54:15Z,92462.72,5401334360,https://www.adzuna.co.uk/jobs/details/5401334360?utm_medium=api&utm_source=2ffe0866,full_time,eyJhbGciOiJIUzI1NiJ9.eyJzIjoiUUZKRG9VU244QkcyZ2FsbUZpemgzZyIsImkiOiI1NDAxMzM0MzYwIn0.TT60T7jHIMwqNNRoVaPBtReaiVhkkQoRrVUcLQm8GYM,ai,,,
"{'display_name': 'Veterinary Staff', '__CLASS__': 'Adzuna::API::Response::Company'}",58867.9,1,"Veterinary Surgeon - Cornwall, 65K","Veterinary Surgeon, Cornwall Join a small, friendly veterinary team in the stunning coastal town of St Ives. Just a short walk from the beach and town centre, this role offers genuine work-life balance in an idyllic setting. About the Practice Small, well-equipped surgery with: In-house lab, digital x-ray, ultrasound, dental kit Separate dog and cat kennels Loyal, supportive client base Collaborative team of: Head Nurse, SVN, and CCA About the Role Salary: up to £65,000 per annum (FTE, DOE) Sol…","{'label': 'Healthcare & Nursing Jobs', 'tag': 'healthcare-nursing-jobs', '__CLASS__': 'Adzuna::API::Response::Category'}","{'display_name': 'St. Ives, Huntingdon', '__CLASS__': 'Adzuna::API::Response::Location', 'area': ['UK', 'Eastern England', 'Cambridgeshire', 'Huntingdon', 'St. Ives']}",Adzuna::API::Response::Job,2025-09-12T19:59:28Z,58867.9,5396189658,https://www.adzuna.co.uk/jobs/details/5396189658?utm_medium=api&utm_source=2ffe0866,part_time,eyJhbGciOiJIUzI1NiJ9.eyJzIjoiVW9URHVVU244QkdlTXVNMHRhWUhhQSIsImkiOiI1Mzk2MTg5NjU4In0.AnkRvUFwnbNUz6E-vhmsuYPSm5DlCQllpjrpxEjy9Dw,healthcare,-0.059713,52.297501,contract
"{'__CLASS__': 'Adzuna::API::Response::Company', 'display_name': 'Mindrift'}",60744.22,1,Freelance Zendesk Expert - AI Trainer,"This opportunity is only for candidates currently residing in the specified country. Your location may affect eligibility and rates. At Mindrift, innovation meets opportunity. We believe in using the power of collective intelligence to ethically shape the future of AI. GenAI models are improving very quickly, and one of our goals is to make them capable of addressing specialized questions and achieving complex reasoning skills. What we do The Mindrift platform connects specialists with AI proje…","{'__CLASS__': 'Adzuna::API::Response::Category', 'label': 'IT Jobs', 'tag': 'it-jobs'}","{'area': ['UK'], '__CLASS__': 'Adzuna::API::Response::Location', 'display_name': 'UK'}",Adzuna::API::Response::Job,2025-10-04T20:16:59Z,60744.22,5431744248,https://www.adzuna.co.uk/jobs/details/5431744248?utm_medium=api&utm_source=2ffe0866,part_time,eyJhbGciOiJIUzI1NiJ9.eyJzIjoiTFBoUnBrU244Qkc0dnZQVW5YRW1aQSIsImkiOiI1NDMxNzQ0MjQ4In0.lwWT6VJdM0ztt9gAfJYdo-GS2df-_rIRW8aqmUhSSUo,ai,,,contract
"{'__CLASS__': 'Adzuna::API::Response::Company', 'display_name': 'Barchester Healthcare'}",28724.0,0,Care Assistant - Care Home,"ABOUT THE ROLE As a Care Assistant at a Barchester care home, you'll help residents enjoy each day by making sure they get the quality care and support they deserve. You'll assist with daily living, providing support and companionship and sharing great moments and memories too. It's a chance to bring your dedication and compassion to a fulfilling environment. Every day will be different, so you can expect to undertake work that's as varied as it is rewarding. As a Care Assistant, you could be d…","{'tag': 'healthcare-nursing-jobs', 'label': 'Healthcare & Nursing Jobs', '__CLASS__': 'Adzuna::API::Response::Category'}","{'display_name': 'Norcote, Cirencester', '__CLASS__': 'Adzuna::API::Response::Location', 'area': ['UK', 'South West England', 'Gloucestershire', 'Cirencester', 'Norcote']}",Adzuna::API::Response::Job,2025-09-16T08:42:35Z,28724.0,5401237376,https://www.adzuna.co.uk/jobs/details/5401237376?utm_medium=api&utm_source=2ffe0866,,eyJhbGciOiJIUzI1NiJ9.eyJpIjoiNTQwMTIzNzM3NiIsInMiOiJ6bXVudlVTbjhCRzJnYWxtRml6aDNnIn0.RWqQLJRiwZUl0DpABYA4RU7Qm4KyWYjPqOik6dpU68Q,healthcare,-1.942985,51.723713,permanent
"{'__CLASS__': 'Adzuna::API::Response::Company', 'display_name': 'Enfuse Group'}",72295.88,1,Manager - Data & AI,"We are seeking a highly motivated and experienced Data and AI Consulting Manager to join our Data & Analytics Consulting Practice. This is a pivotal leadership role, combining consulting expertise with deep knowledge of data and AI technologies, to drive outcomes for clients in our specialist industries — higher education, travel and transport, retail, and hospitality. You will lead consulting engagements that help our clients unlock the value of their data and AI investments, while also overse…","{'tag': 'it-jobs', 'label': 'IT Jobs', '__CLASS__': 'Adzuna::API::Response::Category'}","{'area': ['UK', 'London', 'Central London', 'Fleet Street'], 'display_name': 'Fleet Street, Central London', '__CLASS__': 'Adzuna::API::Response::Location'}",Adzuna::API::Response::Job,2025-10-01T14:21:32Z,72295.88,5424450059,https://www.adzuna.co.uk/jobs/details/5424450059?utm_medium=api&utm_source=2ffe0866,full_time,eyJhbGciOiJIUzI1NiJ9.eyJzIjoiQ3Brem0wU244Qkc0dnZQVW5YRW1aQSIsImkiOiI1NDI0NDUwMDU5In0.vR48PYfgRovpSTBHMtmF7F_kPDF7C1jPxzf_9dP9bX0,ai,-0.112095,51.520151,
"{'__CLASS__': 'Adzuna::API::Response::Company', 'display_name': 'Advantage Healthcare Limited'}",27192.93,1,Care Assistant,"Job Description What you’ll do: Providing dedicated 1:1 care. Supporting with mobility, communication, and personal care Delivering clinical care in a variety of complex needs. Be willing to travel up to 1 hour away, to cover the West Sussex area.","{'__CLASS__': 'Adzuna::API::Response::Category', 'label': 'Healthcare & Nursing Jobs', 'tag': 'healthcare-nursing-jobs'}","{'__CLASS__': 'Adzuna::API::Response::Location', 'display_name': 'Haywards Heath, West Sussex', 'area': ['UK', 'South East England', 'West Sussex', 'Haywards Heath']}",Adzuna::API::Response::Job,2025-09-15T23:31:30Z,27192.93,5400769763,https://www.adzuna.co.uk/jobs/details/5400769763?utm_medium=api&utm_source=2ffe0866,,eyJhbGciOiJIUzI1NiJ9.eyJzIjoiSWpRZnRrU244QkdlTXVNMHRhWUhhQSIsImkiOiI1NDAwNzY5NzYzIn0.PJVma64DR2sTPWuC_GoR2d4de1_TSTzlZgvLuSTV-0Q,healthcare,-0.103108,50.997299,
"{'display_name': 'Skycare', '__CLASS__': 'Adzuna::API::Response::Company'}",56776.97,1,"Registered Nurse, sponsorship offered","Registered nurse with experience or Newly qualified Day or night shifts available Full-time or Part-time available Nursing Home based in Luton area Pay rate is £18 per hour Paid breaks We are currently looking to recruit Registered Nurses locally based or someone able to relocate, with a passion for providing exceptional, kind, personalized care that promotes choice, dignity and respect for residents living in an 80-bed facility set on its own grounds just outside the heart of Luton. You will b…","{'tag': 'healthcare-nursing-jobs', 'label': 'Healthcare & Nursing Jobs', '__CLASS__': 'Adzuna::API::Response::Category'}","{'__CLASS__': 'Adzuna::API::Response::Location', 'area': ['UK', 'Eastern England', 'Bedfordshire', 'Luton'], 'display_name': 'Luton, Bedfordshire'}",Adzuna::API::Response::Job,2025-09-27T20:05:18Z,56776.97,5418284061,https://www.adzuna.co.uk/jobs/details/5418284061?utm_medium=api&utm_source=2ffe0866,part_time,eyJhbGciOiJIUzI1NiJ9.eyJpIjoiNTQxODI4NDA2MSIsInMiOiJpSHJveDBTbjhCRzJnYWxtRml6aDNnIn0.94YwbCKTS0YS6Zbj1aw7HkKczViCulSvSZdy09Hy6vs,healthcare,-0.417558,51.8797,permanent
"{'__CLASS__': 'Adzuna::API::Response::Company', 'display_name': 'IT Career Switch'}",45000.0,0,Trainee Ai Engineer,"Trainee AI Engineer - No Experience Needed! Ready to launch a future-proof career in AI - even if you have zero experience? We’re looking for ambitious individuals ready to break into the world of artificial intelligence and data science. Our industry-leading AI Traineeship is designed to take you from complete beginner to a highly employable Junior AI Engineer, with full training provided and a guaranteed job offer (£25K-£45K starting salary) within 20 miles of your location. Whether you're wo…","{'__CLASS__': 'Adzuna::API::Response::Category', 'tag': 'it-jobs', 'label': 'IT Jobs'}","{'area': ['UK', 'East Midlands', 'Derbyshire', 'Derby'], '__CLASS__': 'Adzuna::API::Response::Location', 'display_name': 'Derby, Derbyshire'}",Adzuna::API::Response::Job,2025-09-26T12:25:45Z,25000.0,5414795751,https://www.adzuna.co.uk/jobs/land/ad/5414795751?se=fn6bnUSn8BG2galmFizh3g&utm_medium=api&utm_source=2ffe0866&v=9AF54EBD5FA14BF5CBBD1339D581394F7AA646A0,full_time,eyJhbGciOiJIUzI1NiJ9.eyJzIjoiZm42Ym5VU244QkcyZ2FsbUZpemgzZyIsImkiOiI1NDE0Nzk1NzUxIn0.rGxKu7qJevhtBGjxmp4MiVQ2r_XbP6EvHrloTwkeMIs,ai,-1.47564,52.921902,permanent
"{'display_name': 'MedicsPro', '__CLASS__': 'Adzuna::API::Response::Company'}",41464.79,1,Theatre Administrator,"Full time Theatre Administrator locum needed for Private hospital in Gatwick. Must have previous Theatre Administrator experience and must also reflect this on CV. Monday to Friday 08.00 - 18.00 rate negotiable, Call MedicsPro 0208 506 6842 or Apply via link below with CV.","{'label': 'Healthcare & Nursing Jobs', '__CLASS__': 'Adzuna::API::Response::Category', 'tag': 'healthcare-nursing-jobs'}","{'area': ['UK', 'South East England', 'Surrey', 'Gatwick', 'London Gatwick Airport'], '__CLASS__': 'Adzuna::API::Response::Location', 'display_name': 'London Gatwick Airport, Gatwick'}",Adzuna::API::Response::Job,2025-10-08T07:40:54Z,41464.79,5436852047,https://www.adzuna.co.uk/jobs/details/5436852047?utm_medium=api&utm_source=2ffe0866,full_time,eyJhbGciOiJIUzI1NiJ9.eyJzIjoic3A3OXZrU244Qkc0dnZQVW5YRW1aQSIsImkiOiI1NDM2ODUyMDQ3In0.i7lpdfwC9pNoraNnwrLWdcEA-gNuD0lHka_soebHiXA,healthcare,-0.163049,51.15599,contract
"{'__CLASS__': 'Adzuna::API::Response::Company', 'display_name': 'Informa Global Support'}",69225.76,1,Head of AI Governance,"Job Description This role is based in our 5 Howick Place office. We are seeking to hire a Head of AI Governance to lead Informa’s Responsible AI efforts and contribute to the evolution of our AI Policy Framework for the Informa Group. Sitting within Informa’s Privacy Team, the role will involve working closely with our technology teams building and deploying leading AI technologies and our business teams using these tools. Additionally, this role will work with the Privacy Team, the Commercial …","{'tag': 'it-jobs', 'label': 'IT Jobs', '__CLASS__': 'Adzuna::API::Response::Category'}","{'area': ['UK', 'London'], 'display_name': 'London, UK', '__CLASS__': 'Adzuna::API::Response::Location'}",Adzuna::API::Response::Job,2025-10-09T01:46:22Z,69225.76,5438259329,https://www.adzuna.co.uk/jobs/details/5438259329?utm_medium=api&utm_source=2ffe0866,,eyJhbGciOiJIUzI1NiJ9.eyJpIjoiNTQzODI1OTMyOSIsInMiOiJDcGt6bTBTbjhCRzR2dlBVblhFbVpBIn0.HtiVow8uMyiebDPkOgys2xFj6sx7tTiEAec0pWXLlJE,ai,-0.139134,51.503378,
"{'display_name': 'Barchester Healthcare', '__CLASS__': 'Adzuna::API::Response::Company'}",26436.0,0,Care Assistant - Care Home,"ABOUT THE ROLE As a Care Assistant at a Barchester care home, you'll help residents enjoy each day by making sure they get the quality care and support they deserve. You'll assist with daily living, providing support and companionship and sharing great moments and memories too. It's a chance to bring your dedication and compassion to a fulfilling environment. Every day will be different, so you can expect to undertake work that's as varied as it is rewarding. As a Care Assistant, you could be d…","{'__CLASS__': 'Adzuna::API::Response::Category', 'tag': 'healthcare-nursing-jobs', 'label': 'Healthcare & Nursing Jobs'}","{'__CLASS__': 'Adzuna::API::Response::Location', 'display_name': 'Warnham, Horsham', 'area': ['UK', 'South East England', 'West Sussex', 'Horsham', 'Warnham']}",Adzuna::API::Response::Job,2025-10-08T08:36:19Z,26436.0,5436926535,https://www.adzuna.co.uk/jobs/details/5436926535?utm_medium=api&utm_source=2ffe0866,,eyJhbGciOiJIUzI1NiJ9.eyJpIjoiNTQzNjkyNjUzNSIsInMiOiJfcjIzeGtTbjhCR2VNdU0wdGFZSGFBIn0.rhH4cB9KPetJ5UliDBF6vIqxQmfPv8kyRgKEOVAEQ4A,healthcare,-0.319914,51.085705,permanent
"{'display_name': 'Ntt Data', '__CLASS__': 'Adzuna::API::Response::Company'}",86871.37,1,Senior Security Architect Consultant,"The team you';ll be working with: Senior Security Architect Consultant Hybrid Variable London We are currently recruiting Security Architects to join our growing client advisory & delivery business. NTT DATA is one of the world’s largest Global Security services providers with over 7500 Security SMEs and Integration partner to many of the worlds most recognized Security Technology providers. We strive to hire exceptional, innovative, and passionate individuals who want to grow with us. In a con…","{'label': 'IT Jobs', 'tag': 'it-jobs', '__CLASS__': 'Adzuna::API::Response::Category'}","{'area': ['UK', 'London', 'Central London', 'The City'], '__CLASS__': 'Adzuna::API::Response::Location', 'display_name': 'The City, Central London'}",Adzuna::API::Response::Job,2025-09-21T11:00:49Z,86871.37,5409534117,https://www.adzuna.co.uk/jobs/details/5409534117?utm_medium=api&utm_source=2ffe0866,full_time,eyJhbGciOiJIUzI1NiJ9.eyJpIjoiNTQwOTUzNDExNyIsInMiOiI1b3RVZzBTbjhCR2VNdU0wdGFZSGFBIn0.OiKa8Rxdl4_i08sukQrpcdK1TD9o-jt0ptPh39M57wI,data,-0.092472,51.514267,
"{'__CLASS__': 'Adzuna::API::Response::Company', 'display_name': 'Mindrift'}",71484.13,1,Freelance Electrical Engineer Consultant - AI Trainer,"This opportunity is only for candidates currently residing in the specified country. Your location may affect eligibility and rates. Please provide your resume in English and specify your proficiency level. At Mindrift , innovation meets opportunity. We believe in using the power of collective intelligence to ethically shape the future of AI. What we do The Mindrift platform connects specialists with AI projects from major tech innovators. Our mission is to unlock the potential of Generative AI…","{'tag': 'it-jobs', 'label': 'IT Jobs', '__CLASS__': 'Adzuna::API::Response::Category'}","{'area': ['UK'], '__CLASS__': 'Adzuna::API::Response::Location', 'display_name': 'UK'}",Adzuna::API::Response::Job,2025-10-04T14:35:33Z,71484.13,5431531668,https://www.adzuna.co.uk/jobs/details/5431531668?utm_medium=api&utm_source=2ffe0866,part_time,eyJhbGciOiJIUzI1NiJ9.eyJpIjoiNTQzMTUzMTY2OCIsInMiOiJ2RE4yckVTbjhCR2VNdU0wdGFZSGFBIn0.pTiS8nrgnqzSavwR6cB8MORZaTdVNI123Ie8uNt05GY,ai,,,contract
